number,title,description,season,summary
1,Rose,When ordinary shop-worker Rose Tyler meets a mysterious stranger called the Doctor she is drawn into his strange and dangerous world; her life will never be the same again.,1,
2,The End of the World,The Doctor takes Rose to the year 5 billion to witness the destruction of the Earth.,1,
3,The Unquiet Dead,The Doctor has great expectations for his latest adventure when he and Rose join forces with Charles Dickens to investigate a mysterious plague of zombies.,1,
4,Aliens of London,"The Doctor returns Rose to her own time - well, sort of - but her family reunion is ruined when a spaceship crashes in the middle of London. What is the origin of the spaceship, and where has the Prime Minister gone in this time of crisis?",1,
5,World War Three,The Slitheen have infiltrated Parliament and have the Doctor and his friends trapped as the Doctor works to prevent them from starting World War Three.,1,
6,Dalek,"The TARDIS is drawn to an alien museum deep below the Utah desert, where a ruthless billionaire keeps prisoner the last of the Doctor's most fearsome enemies.",1,
7,The Long Game,"In the year 200,000 the Doctor discovers that a satellite with a dark secret is controlling humanity and slowing its development.",1,
8,Father's Day,"All of her life, Rose's mother told how great a man her father Pete was. He was killed by a hit and run driver when Rose was just a baby and among her many regrets was that her father died alone, just lying on the street. Rose asks the Doctor to take her back to that day. Rather than just be with him when he dies, she actually saves him and later admits that this was her plan all along. She soon realizes that her parents' marriage was not exactly the golden relationship she had claimed it to be. Far worse however, is that by saving her father, Rose has created a tear ...",1,"When Rose travels back to the day of her father's death, her meddling in the course of events has terrible consequences for the human race - in the form of the fiendish Reapers.

Synopsis Source: Radio Times"
9,The Empty Child,"When a spaceship crashes in the middle of the London Blitz the Doctor, Rose and the enigmatic Captain Jack Harkness find themselves investigating a plague of physical injuries and a little boy in a gas mask.",1,
10,The Doctor Dances,The gas mask zombies are on the rise as the plague spreads across war-torn London.,1,
11,Boom Town,"Stopping off in present-day Cardiff to recharge the TARDIS, The Doctor, Rose and Jack encounter an old foe in the midst of hatching a scheme that could destroy the entire planet.",1,
12,Bad Wolf,The TARDIS team is separated and forced to compete in twisted and deadly games on the Game Station.,1,
13,The Parting of the Ways,"As the Dalek fleet begin their attack on the Earth, the Doctor and his allies make one final stand against his greatest foes and not everyone will make it out alive.",1,
0,The Christmas Invasion,"It's Christmas Eve, but this is to be a far from silent night - the cruel Sycorax have come to Earth to enslave mankind and, as ever, only The Doctor can stop them. Unfortunately, he's lying in a coma in Jackie's home...",2,"The newly regenerated Doctor takes Rose home for the festive season, but
 the transition process has tired him and he falls unconscious - just as
 the planet comes under threat from evil alien race the Sycorax, who 
have employed sinister Santas and murderous trees to do their bidding."
1,New Earth,The Doctor and Rose arrive on New Earth and meet old friends and enemies in a hospital which can cure every disease. But the cures come at a terrible cost.,2,
2,Tooth and Claw,"The Doctor and Rose are transported to 19th Century Scotland, where they meet Queen Victoria, and try to protect her from a ravenous werewolf and a band of assassinating warrior-monks",2,
3,School Reunion,"The Krillitanes - aliens with a mix-and-match physiology - are trying to crack the 'God-Maker', a paradigm to give them ultimate power. They are using children as a computer, and only the Doctor and Rose, re-united with Sarah Jane Smith and K9 can prevent them from becoming masters of time and space.",2,
4,The Girl in the Fireplace,"The Doctor, Mickey and Rose land on a spaceship in the 51st century only to find 18th century Versailles on board, the time of Madame De Pompadour! To find out what's going on the Doctor must enter Versailles and save Madame De Popmpadour but it turns into an emotional roller coaster for the Doctor.",2,
5,Rise of the Cybermen,"The TARDIS crash lands in London on a parallel world, where Rose's dad is still alive, people are disappearing off the streets and one of the Doctor's deadliest enemies is about to be reborn.",2,"On a parallel Earth where Rose's parents remained together, the Doctor sees a terrifying enemy reborn... The Cybermen are coming!"
6,The Age of Steel,The Cybermen take control of London as the population is enslaved and the Doctor and his friends become fugitives.,2,The Cybermen take control of London and start converting the populace. It looks like even the Doctor is beaten...
7,The Idiot's Lantern,"As the coronation of Elizabeth II nears, the streets of London live in fear. Faceless people are stolen from their homes in the night and something evil is lurking in the television.",2,
8,The Impossible Planet,"When the Doctor and Rose become stranded on a planet orbiting a black hole, they find a human expedition crew and their servants, the Ood, being terrorised by the Devil.",2,"The Doctor and Rose land in a base on an 'impossible planet'. But the TARDIS is missing, there's a killer in the base, and who are the Ood?"
9,The Satan Pit,"The Doctor risks his life to investigate the pit and is forced to make a terrible decision, while Rose and the crew fend for their lives against the Legion of the Beast.",2,"As Rose battles the murderous Ood, the Doctor must grapple with a monster that challenges his every belief: the Beast."
10,Love & Monsters,"Elton Pope is an ordinary man intrigued by the world of the Doctor. When he and fellow enthusiasts - L.I.N.D.A. - meet the mysterious Victor Kennedy, their lives will never be the same again.",2,
11,Fear Her,"When children vanish into thin air in 2012 London, the Doctor and Rose find the answers in a seemingly ordinary household and a girl whose drawings can come to life.",2,
12,Army of Ghosts,"When ghosts of loved ones appear all over the world the Doctor traces the phenomena to the Torchwood Tower, where some old friends and enemies are waiting.",2,"The Cybermen have invaded Earth, but the Doctor and Torchwood are about to confront an even greater threat."
13,Doomsday,"Earth becomes a battleground for the Daleks and the Cybermen. With the whole planet at stake and the Genesis Ark activated, how much will the Doctor sacrifice in order to end the war?",2,"As the human race is caught in a war between Daleks and Cybermen, the Doctor faces losing Rose."
0,The Runaway Bride,"The Doctor is baffled when a young woman is transported to the TARDIS on her wedding day, and attempts to find out how she is connected to an alien plot to destroy Earth.",3,
1,Smith and Jones,"When the hospital she works at is transported to the moon, medical student Martha Jones joins forces with The Doctor to hunt down an alien fugitive before the oxygen runs out.",3,The script is available to read from the BBC Writers Room.
2,The Shakespeare Code,"The Doctor takes Martha to London in 1599, where William Shakespeare's new play is being used by three witches in an evil plan.",3,
3,Gridlock,"The Doctor takes Martha to New Earth, where she is kidnapped by two carjackers and taken to an underground Motorway, where the remainder of humanity on the planet live in perpetual gridlock.",3,
4,Daleks in Manhattan,"The Doctor and Martha travel to New York in 1930, where people have been mysteriously vanishing from the streets, and an old enemy resurfaces.",3,The Doctor finds his oldest enemies at work on top of the Empire State Building when he and Martha travel to 1930s New York.
5,Evolution of the Daleks,"Concluding part to Daleks in Manhattan. In 1930s New York, the Daleks' plan is in full force. Faced with the cyborgs' most evil and dangerous scheme yet, will the Doctor and Martha be able to defeat their greatest opponents?",3,"As a new Dalek Empire rises in 1930s New York, the Doctor must enter an unholy alliance."
6,The Lazarus Experiment,The famous Dr Lazarus has appeared to discover the secret of eternal youth - but do his experiments hide a sinister secret?,3,
7,42,"On a spaceship headed straight for the centre of the sun, the Doctor only has 42 minutes to save Martha and the ship's crew from an inevitable doom.",3,"As a spaceship hurtles towards the sun, the Doctor and Martha have only 42 minutes to save the day!"
8,Human Nature,"In 1913, Martha watches in jealousy from afar as The Doctor learns what it is to be human and to fall in love with the local school nurse, Joan Redfern.",3,
9,The Family of Blood,"The Doctor must deal with the repercussions of his decision to become human, as The Family Of Blood unveil themselves...",3,
10,Blink,Sally Sparrow receives a cryptic message from the Doctor about a mysterious new enemy species that is after the TARDIS.,3,
11,Utopia,"Soon after bumping into old friend Jack Harkness, Martha and The Doctor head off to Malcassairo, a distant planet where an old professor will do anything he can to keep his people alive...",3,
12,The Sound of Drums,"The Doctor, Martha and Jack return to the 21st Century eighteen months after the Doctor and Martha left. They find they've missed the election, and the new Prime Minister, Harold Saxon, is someone they've met before by another name.",3,
13,Last of the Time Lords,"It's been a year since The Master unleashed the mysterious Toclafane onto Earth. With the human race and The Doctor enslaved under The Master's control, Martha Jones is the only person that can help stop the evil Time Lord.",3,
0,Voyage of the Damned,"A spacecraft set on an apocalyptic collision course with Earth, a host of killer robot angels and an evil severed headed mastermind - it's just another Christmas for the Doctor... 2007 Christmas special guest starring Kylie Minogue.",4,
1,Partners in Crime,"With a new weight-loss pill tested in London by Adipose Industries, The Doctor goes to investigate the sinister truth behind the product, only to find out that his old friend Donna Noble is investigating as well.",4,
2,The Fires of Pompeii,"Instead in Rome, The Doctor and Donna Noble end up visiting Pompeii in AD 79, on the eve of the catastrophic eruption of Mount Vesuvius, before anyone even knew it was actually a volcano.The entire city is doomed for destruction.",4,
3,Planet of the Ood,"Finding themselves on the Ood-Sphere planet in the 42nd century, The Doctor and Donna discover the truth over the Ood's willingness to serve humankind.",4,
4,The Sontaran Stratagem,UNIT's newest recruit Martha Jones enlists The Doctor's help to investigate kid genius Luke Rattigan and his ATMOS system that is used in every car on Earth.,4,
5,The Poison Sky,"With planet Earth choking under the poison sky, the Doctor must stop the Sontarans' threat to the planet.",4,
6,The Doctor's Daughter,"Caught in the middle of a war between the Humans and the Hath in the planet Messaline, the Doctor finds himself once again a father.",4,
7,The Unicorn and the Wasp,"With a 1926 dinner party turning into a murder mystery, The Doctor and Donna Noble get the chance to meet Agatha Christie on the eve of her well-known 9-days disappearance.",4,
8,Silence in the Library,The Doctor and Donna join a group of archaeologists at a 51st century library. What caused the library to become abandoned? What are the Nodes? And what links the library to one little girl? All they have is one warning - count the shadows.,4,
9,Forest of the Dead,"With the library darkening, the Doctor takes on the Vashta Nerada while figuring out what links River Song to his future. Meanwhile, Donna finds out the mystery of Dr. Moon and the Girl.",4,
10,Midnight,"As part of a well-deserved holiday, the Doctor takes a tour on a planet called Midnight. Little does he know that something is knocking on the walls, although the planet shouldn't be inhabited. Soon the passengers begin to panic when one of them is possessed.",4,
11,Turn Left,"What would happen if Donna never met the Doctor? How would Earth handle the Racnoss, the falling Titanic or the Sontarans? Aided by a familiar blonde time traveler, Donna corrects the alternate time line from happening.",4,
12,The Stolen Earth,"The return of an old enemy leaves Earth along with 26 other planets stolen from their places. As the Doctor and Donna look for the whereabouts of Earth, former companions of the Doctor assemble a resistance against the new Dalek Empire.",4,
13,Journey's End,"In the wake of Davros' threat to destroy the existence of the Universe itself, the Doctor's companions unite to stop the Dalek empire. Which one will die by the prophecies and what will the fate be for the Doctor?",4,
1,The Eleventh Hour,"With his TARDIS in ruins, the newly-regenerated Doctor with the help of Amy Pond must save the world in less than twenty minutes from galactic policemen known as the Atraxi.",5,
2,The Beast Below,"The Doctor takes Amy to the future inside Starship UK, which contains in addition to British explorers, an intimidating race known as the Smilers.",5,
3,Victory of the Daleks,"The TARDIS takes The Doctor and Amy to war-torn Britain in the middle of World War Two. Not only do they meet Winston Churchill himself, but the Doctor comes face to face once again with his greatest enemy of all.",5,
4,The Time of Angels,"The Doctor and Amy emerge from the TARDIS to find the wreck of the Byzantium spaceship. Down below the Weeping Angels are stirring, but the Doctor has someone else to contend with; none other than the mysterious Professor River Song.",5,
5,Flesh and Stone,"The Doctor, Amy, Dr. Song and the remaining soldiers manage to escape from the crashed ship and into the forest. The Angels attempt to create a rift in time and space much as the Doctor had found in Amy's room when they first met. Amy meanwhile is counting down from 10 minutes and the Doctor has determined that an Angel has taken over her mind.",5,
6,The Vampires of Venice,The Doctor and Amy cross swords in more ways than one with a horde of blood-sucking vampires in 16th century Venice.,5,
7,Amy's Choice,"Five years after finally leaving the TARDIS Amy and Rory now married, live in the quiet little village of Leadworth. But everything is not what it would seem.",5,
8,The Hungry Earth,"The Doctor tries to get everyone to Rio, but nothing quite goes as planned. They arrive in a small Welsh village where the Doctor immediately senses that the ground isn't quite right. There is a drilling rig nearby that has reached a depth of 21 kilometers when odd things begin to happen. A local village man has disappeared and soon after Amy is swallowed into the ground. The Doctor realizes that the drilling has disturbed an ancient reptilian race that has lived deep underground for thousands upon thousands of years and who are determined to protect themselves ...",5,The reptilian Silurians are the former rulers of Earth. A drilling project awakens them - and now they want their planet back!
9,Cold Blood,"The Doctor and Nasreen Chaudry go deep underground and find an ancient society that has been disturbed by the drilling. They are gassed and taken prisoner just as Amy manages to free herself. The military commander of the underground reptilians, Restac, is convinced that the ""apes' - their term for humans - are an invading force. Calmer heads prevail and the Doctor manages to negotiate a truce pending the transfer of prisoners which he, and some of the more pacifist members of the reptilians, hopes will lead to a lasting peace. The only problem is that Alaya, the ...",5,Mankind and the Silurians teeter on the brink of all-out war. Can the Doctor ensure the two species' survival?
10,Vincent and the Doctor,The Doctor and Amy travel back in time to meet Vincent Van Gogh and face an invisible monster that only the painter can see.,5,
11,The Lodger,"No sooner does the TARDIS land on Earth that it leaves again - but without the Doctor who had just stepped outside. The Doctor soon finds himself at the home of Craig Owens, who has been advertising for a lodger. There's clearly something odd in the house with people being lured to the upstairs room, but never reappearing. The Doctor is having a good time of it and is having a bit of fun; he proves to be a rather good football player. Craig the landlord is very much in love with Sophie but can't quite bring himself to tell her. The Doctor tries to help them out. But ...",5,
12,The Pandorica Opens,"River Song returns to deliver The Doctor a serious warning from his allies: the mythical Pandorica, said to contain the most feared creature in the entire Universe, is opening.",5,"The Doctor confronts an army of old enemies, and Amy battles a Cyberman. And then the Pandorica opens..."
13,The Big Bang,"The Pandorica opened, silence fell, and now planet Earth is left alone in the universe. Jumping through time, the doctor must figure out a way to bring back those who never were and save his friends from the collapse of reality.",5,"The Stone Dalek closes in on the Doctor, and reality's last hope is a little girl who still believes in stars."
0,A Christmas Carol,"A space liner, with a large number of passengers aboard, is in difficulties while flying through the atmosphere of an unknown planet. Amy and Rory have been spending some time on board in the honeymoon suite and they quickly appear on deck. Amy calls the doctor for help and the TARDIS soon appears ahead of the ship. However the Doctor cannot save them and the only other option is to land on the planet below. There the Doctor meets a Scrooge like figure by the name of Kazran Sardick, the only person that can save Amy, Rory and all the other lives on the Spacecraft. The...",6,The Doctor has one hour to save a crashing spaceship and a miser's soul - but what lurks in the fog?
1,The Impossible Astronaut,"The Doctor, Amy, Rory and River Song are reunited in the Utah desert.",6,
2,Day of the Moon,The Doctor and his allies mount a rebellion against invaders who have been controlling humanity from the very beginning.,6,
3,The Curse of the Black Spot,"The Doctor, Amy and Rory find themselves aboard a marooned pirate ship whose crew is being picked off one by one by a beautiful - and deadly - Siren.",6,
4,The Doctor's Wife,The Doctor is lured to a sentient asteroid outside of the Universe by a Time Lord distress signal and soon realises his TARDIS is in grave danger.,6,
5,The Rebel Flesh,"A solar tsunami sends the TARDIS crew to an acid mining factory in the 22nd century, where a small team of workers come under attack from their doppelgangers.",6,
6,The Almost People,The gangers and humans battle for their lives as the factory crumbles and the Doctor tries to keep the peace - can everyone make it off the island alive?,6,
7,A Good Man Goes to War,A member of The Doctor's team has been abducted and he will call in every favor and maybe even go to war to get them back.,6,
8,Let's Kill Hitler,"The search for Melody Pond brings the Doctor and his friends to Berlin in 1938, face-to-face with Adolf Hitler, River Song and a justice-serving, shapeshifting robot.",6,
9,Night Terrors,"Receiving a powerful distress call from a terrified little boy, the Doctor and his friends soon find that the monsters in his cupboard are real - and deadly.",6,
10,The Girl Who Waited,"Amy is trapped in a quarantine facility where time moves faster than in reality, while the Doctor is confined to the TARDIS. Can Rory save his wife in time?",6,
11,The God Complex,"The Doctor, Amy and Rory become trapped in a hotel of horrors unable to escape and unable to find the TARDIS. The Doctor must save as many people as he can taking many twists and seeing his own worst fear.",6,
12,Closing Time,"The Doctor makes one last stop before his death to see an old friend. But people are disappearing, there are reports of a silver rat and metal men are lurking in the shadows.",6,
13,The Wedding of River Song,"April 22nd, 2011; 5:02pm. Having finally accepted his fate the Doctor travels to Lake Silencio for his final day. But one woman refuses to let time take its course.",6,
0,"The Doctor, the Widow and the Wardrobe","It's Christmas Eve, 1938, when Madge Arwell comes to the aid of an injured Spaceman Angel as she cycles home. He promises to repay her kindness - all she has to do is make a wish. Three years later, a devastated Madge escapes war-torn London with her two children for a dilapidated house in Dorset. She is crippled with grief at the news her husband has been lost over the channel, but determined to give Lily and Cyril the best Christmas ever. The Arwells are surprised to be greeted by a madcap caretaker whose mysterious Christmas gift leads them into a magical wintry ...",7,
1,Asylum of the Daleks,"The Doctor, along with Amy and Rory who are headed for divorce, are kidnapped by the Daleks. They find themselves before the Dalek Parliament and the Doctor is quite surprised when he learns why: they want him to save them. A ship has crashed on the one place they will not go - the Asylum, where mad Daleks are sent to spend the rest of their days. Once there, they are assisted by the only survivor of the crash, Oswin, who has been there for a year awaiting rescue and making soufflés to pass the time. Which leads the Doctor to ask the most important question of all: ...",7,
2,Dinosaurs on a Spaceship,"After a lengthy absence, the Doctor returns to Earth and scoops up up Amy and Rory for yet another adventure. He also manages somehow to include Rory's dad, Brian Williams. Those aren't the only travelers however as Queen Nefertiti and big-game hunter John Riddell are also on board. The TARDIS next reappears on board a large ship and the Doctor is delighted to find a cargo of prehistoric dinosaurs on board. Using the ship's computers, Amy determines that the ship's crew is nowhere to be found. There is someone on board however who has no intention of giving up his ...",7,
3,A Town Called Mercy,"The Doctor gets a Stetson and a gun, and finds himself the reluctant Sheriff of a Western town under siege by a relentless cyborg who goes by the name of The Gunslinger. But who is he and what does he want?",7,
4,The Power of Three,"Earth is suddenly visited by millions of small black cubes of unknown origin. The Doctor joins Amy, Rory and Rory's father, Brian, to help discover what these cubes bring for humanity.",7,
5,The Angels Take Manhattan,"The Doctor takes Amy and Rory to New York, where the Weeping Angels are waiting for them. River Song returns.",7,
6,The Snowmen,"London, 1892. Snow is trying to evolve, feeding off of the nightmares of a little girl. But the Doctor has given up on saving the world. It is up to a young governess named Clara to convince him, with just one word, to save the day.",7,"Christmas special. The Doctor turns his back on the universe after 
losing Amy and Rory, and lives a reclusive life in Victorian London. As 
Christmas approaches, he is drawn back into action by a trio of old 
friends and a plucky governess, and discovers an icy new threat to the 
world. Starring Matt Smith and Jenna Coleman, and guest starring Richard
 E Grant, with the voice of Ian McKellen."
7,The Bells of Saint John,"A chance phone call reunites the Doctor with Clara in the present day. A mysterious organization, lead by the evil Miss Kizlet, sends robots known as ""Spoonheads"" to steal the minds of people who use the company's WiFi. The Doctor and Clara must work together to find the location of the organization and destroy it before the whole world is trapped by the WiFi.",7,
8,The Rings of Akhaten,"Still not quite able to explain just who she is, the Doctor and Clara set off on their first adventure. He takes her to see the Rings of Akhaten and its famous pyramid. The residents of the 7 planets rotating around the same sun all believe the pyramid is the source of all life in the universe. There are quite a few visitors there for the Festival of Offering and Clara and helps a young girl, Merry, to have the confidence to perform an important ceremony to sooth and keep the Old God asleep. When Merry is drawn into the pyramid the Doctor and Clara go after her. When ...",7,
9,Cold War,"The Doctor and Clara find themselves dealing with Cold War tensions when the TARDIS lands aboard a disabled Soviet ballistic submarine. The Doctor isn't the only alien being on board however - while engaged in undersea drilling, Professor Grisenko thought he'd found a mammoth and brought the creature on the boat encased in ice. It isn't a mammoth but an Ice Warrior, who has been lying dormant for 5000 years. He identifies himself as Grand Marshal Skaldak but when he cannot contact others of his kind, he assumes he is the last of his race. He now has every intention of...",7,
10,Hide,"The Doctor and Clara arrive at an old manor house in 1974 where Alec Palmer and Emma Grayling are investigating the existence of a ghost. Alec is a former army Major, now a psychologist, whilst Emma is an empathic psychic who can not only sense the presence of paranormal beings, but can sense their feelings as well. Palmer explains the house has been haunted for hundreds of years, and the ghost - a woman - is likely much older. Emma senses the ghost is very lonely, but the Doctor realises she's not a ghost at all, but a creature trapped in a zone where time moves much...",7,
11,Journey to the Centre of the TARDIS,"The Doctor and Clara find themselves aboard a space freighter that has taken the TARDIS on-board as salvage. While the Doctor is ejected, Clara finds herself wandering through the vehicle exploring it's many - seemingly infinite - rooms. The Doctor re-enters the TARDIS accompanied by three workers from the salvage ship and they have but 30 minutes to find her. There are creatures in the depths of the TARDIS and the time travel machine will do whatever it takes to protect itself. There is a rupture in time however and the TARDIS is leaking recent history....which the ...",7,"The TARDIS has crashed, Clara is lost inside, and the Doctor has 30 minutes before his ship explodes!"
12,The Crimson Horror,The Doctor and Clara arrive in 19th century Yorkshire where moral crusader Mrs Gillyflower is recruiting beautiful people for her idyllic garden city. At the same time rigid corpses dyed red are piling up and the brother of one of the victims seeks help from Madame Vastra. She and her party travel to Yorkshire where they rescue Doctor Who and Clara from the clutches of Mrs Gillyflower. They discover that the woman is a fanatical exponent of ethnic cleansing who plans to do away with those who do not meet her standards - even her daughter Ada. The Doctor and his allies...,7,
13,Nightmare in Silver,"Hedgewick's World of Wonders was once the greatest theme park in the galaxy, but it's now the dilapidated home to a shabby showman, a chess playing dwarf and a dysfunctional army platoon. When the Doctor, Clara, Artie and Angie arrive, the last thing they expect is the re-emergence of one of the Doctor's oldest foes. The Cybermen are back!",7,
14,The Name of the Doctor,"The Doctor's friends are being kidnapped, which leads him to the fields of Trenzalore, where his greatest secret will be revealed and Clara's mystery will be solved.",7,
1,Deep Breath,"When the newly-regenerated doctor arrives in Victorian London, he finds a dinosaur rampant in the Thames and a spate of deadly spontaneous combustions.",8,"
When the Doctor arrives in Victorian London, he finds a dinosaur rampant in the Thames and a spate of deadly spontaneous combustions.

Who is the new Doctor and will Clara’s friendship survive as they embark on a terrifying mission into the heart of an alien conspiracy? The Doctor has changed. It’s time you knew him.
"
2,Into the Dalek,The Doctor and Clara find themselves inside of a supposedly good Dalek.,8, 
3,Robot of Sherwood,"In Sherwood Forest, the Doctor uncovers a sinister alien plot and forms an alliance with Robin Hood. With Nottingham at stake, the Doctor must decide who is real and who is fake.",8,
4,Listen,"When ghosts of past and future crowd into their lives, The Doctor and Clara are thrown into an adventure that takes them to the very end of the universe.",8,
5,Time Heist,The Doctor and Clara must break into the most secure bank in the universe.,8,
6,The Caretaker,"The terrifying Skovox Blitzer is ready to destroy all humanity - but worse, and any second now, Danny Pink and the Doctor are going to meet.",8,"The terrifying Skovox Blitzer is ready to destroy all humanity - but worse, and any second now, Danny Pink and the Doctor are going to meet.

When terrifying events threaten Coal Hill school, the Doctor decides to go undercover."
7,Kill the Moon,"In the near future, the Doctor and Clara find themselves on a space shuttle making a suicide mission to the Moon. Crash-landing on the lunar surface they find the most terrible things.",8,
8,Mummy on the Orient Express,"On the most beautiful train in history, speeding amongst the stars of the future, a deadly and immortal creature is stalking the passengers.",8,
9,Flatline,"A problem happens with the Tardis, trapping the Doctor inside and leaving Clara to fend for herself against a two dimensional enemy.",8,
10,In the Forest of the Night,"One morning in London, and every city and town in the world, the human race wakes up to the most surprising invasion yet: the trees have moved back in. Everywhere, in every land, a forest has grown and taken back the Earth.",8,
11,Dark Water,"In the mysterious world of the Nethersphere, plans have been drawn. Old friends and old enemies manoeuvre around the Doctor, and an impossible choice is looming over him.",8,"In the mysterious world of the Nethersphere, plans have been drawn up. Missy is about to come face to face with the Doctor, and an impossible choice is looming.“Death
 is not an end” promises the sinister organisation known only as 3W – 
but, as the Doctor and Clara discover, you might wish it was."
12,Death in Heaven,"With Cybermen on the streets of London, old friends unite against old enemies and the Doctor takes to the air in a startling new role. As the Doctor faces his greatest challenge, sacrifices must be made before the day is won.",8,"With Cybermen on the streets of London, old friends 
unite against old enemies and the Doctor takes to the air in a startling
 new role. Can the mighty UNIT contain Missy? As the Doctor faces his greatest challenge, sacrifices must be made before the day is won."
0,Last Christmas,"The Doctor and Clara face their Last Christmas. Trapped on an Arctic base, under attack from terrifying creatures, who are you going to call? Santa Claus!",9,"The Doctor and Clara face their Last Christmas. Trapped on an arctic base and under attack from terrifying creatures, who are you going to call? Santa Claus!"
1,The Magician's Apprentice,"When the skies of Earth are frozen by a mysterious alien force, Clara needs her friend, the Doctor. But where is he and what is he hiding from?",9,"
Where is the Doctor? When the skies of Earth are frozen by a mysterious alien force, Clara needs her friend. But where is the Doctor, and what is he hiding from?


As past deeds come back to haunt him, old enemies will come face-to-face, and for the Doctor and Clara survival seems impossible."
2,The Witch's Familiar,"Trapped and alone in a terrifying Dalek city, the Doctor is at the heart of an evil Empire; no sonic, no TARDIS, nobody to help. With his greatest temptation before him, can the Doctor resist? And will there be mercy?",9,"Trapped and alone on the terrifying planet Skaro, the Doctor is at the heart of the evil Dalek Empire - no sonic, no TARDIS, nobody to help. With his greatest temptation before him, can the Doctor resist? And will there be mercy?"
3,Under the Lake,"Under a lake a gleaming black spaceship is recovered but there is nothing inside. When the base crew start dying, they discover that ghosts are real. The Doctor and Clara arrive to find the base under siege and the Doctor discovers that this is more than a ghost story.",9,"When an Underwater Base comes under attack, the Doctor and Clara must save the frightened crew and defeat an impossible threat. But what is behind these terrifying events? And can they really be haunted by ghosts?"
4,Before the Flood,"In a town that never was, the Doctor and his friends are being stalked by a mysterious figure. With the past and future in the balance, can the Doctor stop the evil Fisher King? And more importantly, who composed Beethoven's 5th.",9,
5,The Girl Who Died,"In a Viking village, a girl named Ashildr is about to make a desperate mistake. The Mire are the deadliest mercenaries in the galaxy, famed for showing no mercy and Ashildr has just declared war on them. The Doctor and Clara have 12 hours to turn a peaceful village into strong fighters, ready for the deadly Mire.",9,"Captured by Vikings, the Doctor and Clara must help protect their village from Space Warriors from the future: the Mire. Outnumbered and outgunned, their fate seems inevitable. So why is the Doctor preoccupied with a single Viking girl?"
6,The Woman Who Lived,"England, 1651. A deadly highwayman known only as 'The Knightmare' plagues the dark streets of London, his fire-breathing accomplice by his side. There's something clearly more than human here, and that includes the loot as much as the outlaws. Who are these creatures, and are they enemies to be fought, or friends who might possibly save the Doctor from certain doom on the gallows?",9,"England, 1651. The deadly Highwayman 'The Nightmare' and his sidekick stalk the dark streets of London. But when they find loot that's not of this world, they come face to face with The Doctor.

Who is the Nightmare in league with? And can the Doctor avoid the hangman's noose and protect Earth from a devilish betrayal?"
7,The Zygon Invasion,"The fragile peace between the Humans and the Zygons is on a knife edge. Tensions run high as factions within the Zygon community seek to incite violent action against Humans. Called in by UNIT, the Doctor and Clara fight to bring the situation under control. But one question remains: Where on Earth is Osgood?",9,"The Zygons, a race of shapeshifting aliens, have been living in secret among us on Earth, unknown and unseen - until now!


When Osgood is kidnapped by a rogue gang of Zygons, the Doctor, Clara and UNIT must scatter across the world in a bid to set her free. But will they reach her in time, and can they stop an uprising before it’s too late?
"
8,The Zygon Inversion,"With the Zygons invading England, and UNIT neutralized, the Doctor stands alone to stop the Zygons from taking over the entire planet. But how can he stop the Zygons? And how can he save his friends?",9,"Shapeshifting Zygons are everywhere in the UK, and there is no way of knowing who to trust. With UNIT neutralised, only the Doctor stands in their way. But how do you stop a war? And what can the Doctor do to save his friends?"
9,Sleep No More,"Vision recovered from the wreckage of Le Verrier Space Station shows how the Doctor and Clara became entangled in a rescue mission. As the footage plays out, a horrifying secret is uncovered.",9,This terrifying story is assembled from footage discovered in the wreckage of Le Verrier Space Station.
10,Face the Raven,"The Doctor and Clara are called back to earth when Rigsy discovers a strange tattoo on the back of his neck that appears to be counting down to zero. Their investigation leads them to a hidden street in the middle of London, the discovery that Rigsy has been issued a death sentence, and one of them facing the choice of having to make the ultimate sacrifice; to face the Raven!",9,
11,Heaven Sent,"Trapped in a world unlike any other he has seen, the Doctor faces the greatest challenge of his many lives. One final test. And he must face it alone...",9,"Trapped in a world unlike any other he has seen, the Doctor faces the greatest challenge of his many lives. One final test. And he must face it alone.


Pursued by the fearsome creature known only as the Veil, he must attempt the impossible. If he makes it through, Gallifrey is waiting…
"
12,Hell Bent,"If you took everything from him, betrayed him, trapped him, and broke both his hearts... how far might the Doctor go? Returning to Gallifrey, the Doctor faces the Time Lords in a struggle that will take him to the end of time itself. Who is the Hybrid? And what is the Doctor's confession?",9,"If you took everything from him, betrayed him, trapped him, and broke both his hearts...how far might the Doctor go?

Returning to Gallifrey, the Doctor faces the Time Lords in a struggle that will take him to the end of time itself. Who is the Hybrid? And what is the Doctor’s confession?"
13,The Husbands of River Song,"When a crashed spaceship calls upon the Doctor for help, he finds himself recruited into River Song's squad and hurled into a chase across the galaxy.",9,"It’s Christmas Day on a remote human colony and the Doctor is hiding from Christmas Carols and Comedy Antlers. But when a crashed spaceship calls upon the Doctor for help, he finds himself recruited into River Song’s squad and hurled into a fast and frantic chase across the galaxy. King Hydroflax is furious, and his giant Robot bodyguard is out of control and coming for them all! Will Nardole survive? And when will River Song work out who the Doctor is?

All will be revealed on a starliner full of galactic super-villains and a destination the Doctor has been avoiding for a very long time."
0,The Return of Doctor Mysterio,"In New York, with brain-swapping aliens poised to attack, the Doctor and Nardole link up with an investigative reporter and a mysterious masked superhero known only as the Ghost. Can the Doctor save Manhattan? And what will be revealed when we see behind the mask?",10,
1,The Pilot,The Doctor and Nardole team up with a university student to take down a sinister life-mimicking alien.,10,"A chance encounter with a girl with a star in her eye leads to a terrifying chase across time and space. Bill’s mind is opened to a Universe that is bigger and more exciting than she could possibly have imagined - but who is the Doctor, and what is his secret mission with Nardole on Earth?"
2,Smile,"In the far future, at the edge of the galaxy, there is a gleaming, perfect city. This brand new human settlement is said to hold the secret of human happiness - but the only smiles the Doctor and Bill can find are on a pile of grinning skulls. Something is alive in the walls, and the emojibots are watching from the shadows, as the Doctor and Bill try to unravel a terrifying mystery...",10,The language of the future is emoji! The Doctor takes Bill to a spectacular city on a distant planet - but where are the colonists? A band of 'cute' droids hold the deadly answer.
3,Thin Ice,The Doctor and Bill visit London during the last of the River Thames frost fairs in February 1814. They soon discover that there is something under the ice which is causing people to disappear.,10,"The Doctor and Bill arrive at the last of the great frost fairs, and find themselves investigating a string of impossible disappearances - people have been vanishing on the ice! Bill is about to discover that the past is more like her world than she expected, and that not all monsters come from outer space..."
4,Knock Knock,"Bill is moving in with some friends and they've found the perfect house rented by the landlord. The wind blows, the floorboards creak and the Doctor thinks something is very wrong.",10,"Bill is moving in with some friends and they’ve found the perfect house - so what if it’s strangely cheap to rent, and the landlord is a little creepy?

The wind blows, the floorboards creak, and the Doctor thinks something is very wrong. What lurks in the strange tower at the heart of the building - and why can’t they find any way to enter it?"
5,Oxygen,"When the Doctor, Bill and Nardole become trapped on a space station without oxygen, they discover the spacesuits are trying to kill them.",10,"The Doctor, Bill and Nardole answer a distress call in deep space, and find themselves trapped on board space station Chasm Forge. All but four of the crew have been murdered - and the dead are still walking!

In a future where oxygen is sold by the breath, and space suits are valued more highly than their occupants, the TARDIS crew battle for survival against the darkest evil of all…"
6,Extremis,"The Haereticum holds an ancient book known only as The Veritas. Throughout history, anyone who has ever read it has immediately taken their own life. When a new translation is online, spreading danger, the Vatican appeals to the Doctor for help. Will he read The Veritas? But can even the Doctor survive the ultimate truth?",10,"In the Haereticum - the Vatican’s secret library of blasphemy - there is an ancient book known only as The Veritas. Throughout history, anyone who has ever read it has immediately taken their own life. Now a new translation is online, and the danger is spreading. The Vatican appeals to the Doctor. Will he read The Veritas? But can even the Doctor survive the ultimate truth?"
7,The Pyramid at the End of the World,"A 5,000-year-old pyramid appears overnight, baffling everyone including the Doctor.",10,
8,The Lie of the Land,"Earth is invaded and Bill is living alone in occupied Britain. The Doctor appears to be on the side of the enemy, flooding the airwaves with fake news. Bill and Nardole embark on a deadly mission to rescue the Doctor and lead the resistance against the new regime, whatever the cost.",10,
9,Empress of Mars,"The Doctor, Bill and Nardole discover a tomb of the Queen of the Ice Warriors on Mars in 1881.",10,
10,The Eaters of Light,"A long time ago, the Roman legion of the ninth vanished into the mists of Scotland. Bill has a theory about what happened, and the Doctor has a time machine. But when they arrive in ancient Aberdeenshire, what they find is a far greater threat than any army. In a cairn, on a hillside, is a doorway leading to the end of the world.",10,"A long time ago, the ninth legion of the Roman army vanished into the mists of Scotland. Bill has a theory about what happened, and the Doctor has a time machine. But when they arrive in ancient Aberdeenshire, what they find is a far greater threat than any army. In a cairn, on a hillside, is a doorway leading to the end of the world…"
11,World Enough and Time,"Trapped on a giant spaceship, caught in the event horizon of a black hole, he witnesses the death of someone he is pledged to protect. Are events already out of control?",10,
12,The Doctor Falls,The Doctor makes a final stand against an army of Cybermen to protect a tiny band of humans from destruction.,10,The Mondasian Cybermen are on the rise. It’s time for the Doctor’s final battle…
0,Twice Upon a Time,"The Twelfth Doctor, still refusing to change, goes on a last adventure with the First Doctor.",11,
1,The Woman Who Fell to Earth,"In a South Yorkshire city, Ryan Sinclair, Yasmin Khan and Graham O'Brien are about to have their lives changed forever, as a mysterious woman, unable to remember her own name, falls from the night sky.",11,"We don’t get aliens in Sheffield. 

 

In a South Yorkshire city, Ryan Sinclair, Yasmin Khan and Graham O’Brien are about to have their lives changed forever, as a mysterious woman, unable to remember her own name, falls from the night sky. Can they believe a word she says? And can she help solve the strange events taking place across the city? "
2,The Ghost Monument,"Still reeling from their first encounter, can the Doctor and her new friends stay alive long enough, in a hostile alien environment, to solve the mystery of Desolation? And just who are Angstrom and Epzo?",11,"Still reeling from their first encounter, can the Doctor and her new friends stay alive long enough in a hostile alien environment to solve the mystery of Desolation? And just who are Angstrom and Epzo?"
3,Rosa,"Montgomery, Alabama, 1955. The Doctor and her friends find themselves in the Deep South of America. As they encounter a seamstress by the name of Rosa Parks, they begin to wonder whether someone is attempting to change history.",11,"“If she can live here her whole life, a couple of hours ain’t gonna kill me. They ain’t gonna kill me, right?”

Montgomery, Alabama. 1955. The Doctor and her friends find themselves in the Deep South of America. As they encounter a seamstress by the name of Rosa Parks, they begin to wonder: is someone attempting to change history?"
4,Arachnids in the UK,"The Doctor, Yaz, Graham, and Ryan find their way back to Yorkshire only to find something is stirring amidst the eight-legged arachnid population of Sheffield.",11,
5,The Tsuranga Conundrum,"Injured and stranded in the wilds of a far-flung galaxy, The Doctor, Yaz, Graham, and Ryan must band together with a group of strangers to survive against one of the universe's most deadly - and unusual - creatures.",11,"“Risk to life: absolute.”

 

Injured and stranded in the wilds of a far-flung galaxy, The Doctor, Yaz, Graham and Ryan must band together with a group of strangers to survive against one of the universe’s most deadly -- and unusual -- creatures."
6,Demons of the Punjab,"Yasmin travels in time to visit her grandmother during her youth in the partition of India, but everyone gets caught up in the tragic bloodshed of that era.",11,
7,Kerblam!,"A mysterious message arrives in a package addressed to the Doctor, leading her, Graham, Yaz and Ryan to investigate the warehouse moon orbiting Kandoka, and the home of the galaxy's largest retailer.",11,"“Delivery for the Doctor!” 

 

A mysterious message arrives in a package addressed to the Doctor, leading her, Graham, Yaz and Ryan to investigate the warehouse moon orbiting Kandoka, and the home of the galaxy’s largest retailer: Kerblam! "
8,The Witchfinders,"Arriving in 17th Century Lancashire, the TARDIS team become embroiled in a witch trial. With the arrival of King James I, the hunt for witches intensifies. However, could something more dangerous be at play? Can the Doctor, Graham, Yaz and Ryan keep the populace of Bilehurst Cragg safe from the forces surrounding the land?",11,"The Doctor, Ryan, Graham and Yaz arrive in 17th century Lancashire and become embroiled in a witch trial, run by the local landowner. 

As fear stalks the land, the arrival of King James I only serves to intensify the witch hunt. But is there something even more dangerous at work? Can the Doctor and friends keep the people of Bilehurst Cragg safe from all the forces that are massing in the land? "
9,It Takes You Away,"On the edge of a Norwegian fjord, in the present day, The Doctor, Ryan, Graham and Yaz discover a boarded-up cottage and a girl named Hanne in need of their help. What has happened here? What monster lurks in the woods around the cottage - and beyond?",11,"On the edge of a Norwegian fjord, in the present day, The Doctor, Ryan, Graham and Yaz discover a boarded-up cottage and a girl named Hanne in need of their help. 

What has happened here? 

What monster lurks in the woods around the cottage – and beyond? "
10,The Battle of Ranskoor Av Kolos,"Answering nine separate distress calls, the Doctor and team arrive on the remnants of a brutal battlefield on the planet Ranskoor Av Kolos. This planet has many secrets. An amnesiac commander? Mysterious mists? Who or what are the Ux? A deadly reckoning awaits the Doctor and team once they have the answers....",11,"On the planet of Ranskoor Av Kolos, lies the remains of a brutal battlefield. But as the Doctor, Graham, Yaz and Ryan answer nine separate distress calls, they discover the planet holds far more secrets. 

Who is the mysterious commander with no memory? What lies beyond the mists? Who or what are the Ux? 

The answers will lead the Doctor and her friends towards a deadly reckoning. "
11,Resolution,"As the New Year begins, a terrifying evil is stirring from across the centuries of Earth's history. As the Doctor, Ryan, Graham and Yaz return home, will they be able to overcome the threat to planet Earth?",11,
